[
    {
        "Name":"AllowTelemetry",
        "URI":"./Device/Vendor/MSFT/Policy/Config/System/AllowTelemetry",
        "Format":"int",
        "SupportedPlatform":"Windows10,Windows11",
        "SupportedVersion":"1909,2004,20H2,21H1,21H2",
        "SupportedOnWSUS":"True",
        "SupportedOnWUfB":"True"
    },
    {
        "Name":"AllowBuildPreview",
        "URI":"./Device/Vendor/MSFT/Policy/Config/System/AllowBuildPreview",
        "Format":"int",
        "SupportedPlatform":"Windows10,Windows11",
        "SupportedVersion":"1909,2004,20H2,21H1,21H2",
        "SupportedOnWSUS":"True",
        "SupportedOnWUfB":"True"
    },
    {
        "Name":"ExcludeDrivers",
        "URI":"./Device/Vendor/MSFT/Policy/Config/Update/ExcludeWUDriversInQualityUpdate",
        "Format":"int",
        "SupportedPlatform":"Windows10,Windows11",
        "SupportedVersion":"1909,2004,20H2,21H1,21H2",
        "SupportedOnWSUS":"True",
        "SupportedOnWUfB":"True"
    },
    {
        "Name":"AutoUpdate",
        "URI":"./Device/Vendor/MSFT/Policy/Config/Update/AllowAutoUpdate",
        "Format":"int",
        "SupportedPlatform":"Windows10,Windows11",
        "SupportedVersion":"1909,2004,20H2,21H1,21H2",
        "SupportedOnWSUS":"True",
        "SupportedOnWUfB":"True"
    },
    {
        "Name":"CUDeferral",
        "URI":"./Device/Vendor/MSFT/Policy/Config/Update/DeferQualityUpdatesPeriodInDays",
        "Format":"int",
        "SupportedPlatform":"Windows10,Windows11",
        "SupportedVersion":"1909,2004,20H2,21H1,21H2",
        "SupportedOnWSUS":"No",
        "SupportedOnWUfB":"True"
    },
    {
        "Name":"FUDeferral",
        "URI":"./Device/Vendor/MSFT/Policy/Config/Update/DeferFeatureUpdatesPeriodInDays",
        "Format":"int",
        "SupportedPlatform":"Windows10,Windows11",
        "SupportedVersion":"1909,2004,20H2,21H1,21H2",
        "SupportedOnWSUS":"No",
        "SupportedOnWUfB":"True"
    },
    {
        "Name":"UpdateInterval",
        "URI":"./Device/Vendor/MSFT/Policy/Config/Update/DetectionFrequency",
        "Format":"int",
        "SupportedPlatform":"Windows10,Windows11",
        "SupportedVersion":"1909,2004,20H2,21H1,21H2",
        "SupportedOnWSUS":"Yes",
        "SupportedOnWUfB":"No"
    },
    {
        "Name":"RestartDeadlineFU",
        "URI":"./Device/Vendor/MSFT/Policy/Config/Update/ConfigureDeadlineForFeatureUpdates",
        "Format":"int",
        "SupportedPlatform":"Windows10,Windows11",
        "SupportedVersion":"1909,2004,20H2,21H1,21H2",
        "SupportedOnWSUS":"True",
        "SupportedOnWUfB":"True"
    },    
    {
        "Name":"RestartDeadlineCU",
        "URI":"./Device/Vendor/MSFT/Policy/Config/Update/ConfigureDeadlineForQualityUpdates",
        "Format":"int",
        "SupportedPlatform":"Windows10,Windows11",
        "SupportedVersion":"1909,2004,20H2,21H1,21H2",
        "SupportedOnWSUS":"True",
        "SupportedOnWUfB":"True"
    },    
    {
        "Name":"DeadlineGracePeriod",
        "URI":"./Device/Vendor/MSFT/Policy/Config/Update/ConfigureDeadlineGracePeriod",
        "Format":"int",
        "SupportedPlatform":"Windows10,Windows11",
        "SupportedVersion":"1909,2004,20H2,21H1,21H2",
        "SupportedOnWSUS":"True",
        "SupportedOnWUfB":"True"
    },    
    {
        "Name":"DeadlineGracePeriodFU",
        "URI":"./Device/Vendor/MSFT/Policy/Config/Update/ConfigureDeadlineGracePeriodForFeatureUpdates",
        "Format":"int",
        "SupportedPlatform":"Windows10,Windows11",
        "SupportedVersion":"1909,2004,20H2,21H1,21H2",
        "SupportedOnWSUS":"True",
        "SupportedOnWUfB":"True"
    },      
    {
        "Name":"ProductVersion",
        "URI":"./Device/Vendor/MSFT/Policy/Config/Update/ProductVersion",
        "Format":"chr",
        "SupportedPlatform":"Windows10,Windows11",
        "SupportedVersion":"1909,2004,20H2,21H1,21H2",
        "SupportedOnWSUS":"True",
        "SupportedOnWUfB":"True"
    },
    {
        "Name":"TargetReleaseVersion",
        "URI":"./Device/Vendor/MSFT/Policy/Config/Update/TargetReleaseVersion",
        "Format":"chr",
        "SupportedPlatform":"Windows10,Windows11",
        "SupportedVersion":"1909,2004,20H2,21H1,21H2",
        "SupportedOnWSUS":"True",
        "SupportedOnWUfB":"True"
    },
    {
        "Name":"BranchReadinessLevel",
        "URI":"./Device/Vendor/MSFT/Policy/Config/Update/BranchReadinessLevel",
        "Format":"int",
        "SupportedPlatform":"Windows10,Windows11",
        "SupportedVersion":"1909,2004,20H2,21H1,21H2",
        "SupportedOnWSUS":"True",
        "SupportedOnWUfB":"True"
    },
    {
        "Name":"DisableWUfBSafeguards",
        "URI":"./Device/Vendor/MSFT/Policy/Config/Update/DisableWUfBSafeguards",
        "Format":"int",
        "SupportedPlatform":"Windows10,Windows11",
        "SupportedVersion":"1909,2004,20H2,21H1,21H2",
        "SupportedOnWSUS":"True",
        "SupportedOnWUfB":"True"
    },
    {
        "Name":"AllowNonMicrosoftSignedUpdate",
        "URI":"./Device/Vendor/MSFT/Policy/Config/Update/AllowNonMicrosoftSignedUpdate",
        "Format":"int",
        "SupportedPlatform":"Windows10,Windows11",
        "SupportedVersion":"1909,2004,20H2,21H1,21H2",
        "SupportedOnWSUS":"True",
        "SupportedOnWUfB":"False"
    },
    {
        "Name":"AllowUpdateService",
        "URI":"./Device/Vendor/MSFT/Policy/Config/Update/AllowUpdateService",
        "Format":"int",
        "SupportedPlatform":"Windows10,Windows11",
        "SupportedVersion":"1909,2004,20H2,21H1,21H2",
        "SupportedOnWSUS":"True",
        "SupportedOnWUfB":"False"
    },
    {
        "Name":"UpdateServiceUrl",
        "URI":"./Device/Vendor/MSFT/Policy/Config/Update/UpdateServiceUrl",
        "Format":"chr",
        "SupportedPlatform":"Windows10,Windows11",
        "SupportedVersion":"1909,2004,20H2,21H1,21H2",
        "SupportedOnWSUS":"True",
        "SupportedOnWUfB":"False"
    },
    {
        "Name":"UpdateServiceUrlAlternate",
        "URI":"./Device/Vendor/MSFT/Policy/Config/Update/UpdateServiceUrlAlternate",
        "Format":"chr",
        "SupportedPlatform":"Windows10,Windows11",
        "SupportedVersion":"1909,2004,20H2,21H1,21H2",
        "SupportedOnWSUS":"True",
        "SupportedOnWUfB":"False"
    },
    {
        "Name":"TLSCertPinning",
        "URI":"./Device/Vendor/MSFT/Policy/Config/Update/DoNotEnforceEnterpriseTLSCertPinningForUpdateDetection",
        "Format":"int",
        "SupportedPlatform":"Windows10,Windows11",
        "SupportedVersion":"1909,2004,20H2,21H1,21H2",
        "SupportedOnWSUS":"True",
        "SupportedOnWUfB":"False"
    },
    {
        "Name":"UpdateSourceForDriver",
        "URI":"./Device/Vendor/MSFT/Policy/Config/Update/SetPolicyDrivenUpdateSourceForDriver",
        "Format":"int",
        "SupportedPlatform":"Windows10,Windows11",
        "SupportedVersion":"1909,2004,20H2,21H1,21H2",
        "SupportedOnWSUS":"True",
        "SupportedOnWUfB":"False"
    },
    {
        "Name":"UpdateSourceForFeature",
        "URI":"./Device/Vendor/MSFT/Policy/Config/Update/SetPolicyDrivenUpdateSourceForFeature",
        "Format":"int",
        "SupportedPlatform":"Windows10,Windows11",
        "SupportedVersion":"1909,2004,20H2,21H1,21H2",
        "SupportedOnWSUS":"True",
        "SupportedOnWUfB":"False"
    },
    {
        "Name":"UpdateSourceForOther",
        "URI":"./Device/Vendor/MSFT/Policy/Config/Update/SetPolicyDrivenUpdateSourceForOther",
        "Format":"int",
        "SupportedPlatform":"Windows10,Windows11",
        "SupportedVersion":"1909,2004,20H2,21H1,21H2",
        "SupportedOnWSUS":"True",
        "SupportedOnWUfB":"False"
    },
    {
        "Name":"UpdateSourceForQuality",
        "URI":"./Device/Vendor/MSFT/Policy/Config/Update/SetPolicyDrivenUpdateSourceForQuality",
        "Format":"int",
        "SupportedPlatform":"Windows10,Windows11",
        "SupportedVersion":"1909,2004,20H2,21H1,21H2",
        "SupportedOnWSUS":"True",
        "SupportedOnWUfB":"False"
    },
    {
        "Name":"ManagePreviewBuilds",
        "URI":"./Device/Vendor/MSFT/Policy/Config/Update/ManagePreviewBuilds",
        "Format":"int",
        "SupportedPlatform":"Windows10,Windows11",
        "SupportedVersion":"1909,2004,20H2,21H1,21H2",
        "SupportedOnWSUS":"True",
        "SupportedOnWUfB":"True"
    },
    {
        "Name":"SetAutoRestartNotificationDisable",
        "URI":"./Device/Vendor/MSFT/Policy/Config/Update/SetAutoRestartNotificationDisable",
        "Format":"int",
        "SupportedPlatform":"Windows10,Windows11",
        "SupportedVersion":"1909,2004,20H2,21H1,21H2",
        "SupportedOnWSUS":"True",
        "SupportedOnWUfB":"True",
        "BPValue":"0",
        "HiddenSetting":"True"
    },    
    {
        "Name":"SetDisablePauseUXAccess",
        "URI":"./Device/Vendor/MSFT/Policy/Config/Update/SetDisablePauseUXAccess",
        "Format":"int",
        "SupportedPlatform":"Windows10,Windows11",
        "SupportedVersion":"1909,2004,20H2,21H1,21H2",
        "SupportedOnWSUS":"True",
        "SupportedOnWUfB":"True",
        "BPValue":"1",
        "HiddenSetting":"True"
    },    
    {
        "Name":"SetDisableUXWUAccess",
        "URI":"./Device/Vendor/MSFT/Policy/Config/Update/SetDisableUXWUAccess",
        "Format":"int",
        "SupportedPlatform":"Windows10,Windows11",
        "SupportedVersion":"1909,2004,20H2,21H1,21H2",
        "SupportedOnWSUS":"True",
        "SupportedOnWUfB":"True"
    },    
    {
        "Name":"SetProxyBehaviorForUpdateDetection",
        "URI":"./Device/Vendor/MSFT/Policy/Config/Update/SetProxyBehaviorForUpdateDetection",
        "Format":"int",
        "SupportedPlatform":"Windows10,Windows11",
        "SupportedVersion":"1909,2004,20H2,21H1,21H2",
        "SupportedOnWSUS":"True",
        "SupportedOnWUfB":"false"
    },    
    {
        "Name":"UpdateNotificationLevel",
        "URI":"./Device/Vendor/MSFT/Policy/Config/Update/UpdateNotificationLevel",
        "Format":"int",
        "SupportedPlatform":"Windows10,Windows11",
        "SupportedVersion":"1909,2004,20H2,21H1,21H2",
        "SupportedOnWSUS":"True",
        "SupportedOnWUfB":"True",
        "BPValue":"0",
        "HiddenSetting":"True"
    },    
    {
        "Name":"AllowMUUpdateService",
        "URI":"./Device/Vendor/MSFT/Policy/Config/Update/AllowMUUpdateService",
        "Format":"int",
        "SupportedPlatform":"Windows10,Windows11",
        "SupportedVersion":"1909,2004,20H2,21H1,21H2",
        "SupportedOnWSUS":"True",
        "SupportedOnWUfB":"False"
    }
]