{
    "name": "Control My Update",
    "widgets": [
        {
            "name": "Pending Security Updates",
            "trend_definition": {
                "trend_mode": "SNAPSHOT",
                "bucketing_attributes": [
                    "airwatch.devicesensors._ca_wufb_pending_security_updates_count"
                ],
                "counter_definitions": [
                    {
                        "aggregate_attribute": "airwatch.devicesensors._ca_wufb_pending_security_updates_count",
                        "aggregation_function": "COUNT_DISTINCT"
                    }
                ],
                "filter": "airwatch.devicesensors._ca_wufb_pending_security_updates_count IS NOT NULL",
                "entities_by_integration": {
                    "airwatch": [
                        "devicesensors"
                    ]
                },
                "cardinality": 10,
                "accumulate": false,
                "ignore_case": false,
                "filter_condition": {
                    "parenthesized": false,
                    "nested_attribute": false,
                    "custom_attribute": true,
                    "attribute": "airwatch.devicesensors._ca_wufb_pending_security_updates_count",
                    "operator": "IS NOT NULL",
                    "operands": [],
                    "operand_collection_present": false
                },
                "filter_condition_nested_rules": {
                    "type": "RuleSet",
                    "rules": [
                        {
                            "type": "Rule",
                            "nested_attribute": false,
                            "custom_attribute": true,
                            "attribute": "airwatch.devicesensors._ca_wufb_pending_security_updates_count",
                            "operator": "IS NOT NULL",
                            "operands": [],
                            "operand_collection_present": false
                        }
                    ]
                },
                "all_report_column_attributes": [
                    "airwatch.devicesensors._ca_wufb_pending_security_updates_count"
                ]
            },
            "top_left": {
                "row_number": 1,
                "column_number": 8
            },
            "bottom_right": {
                "row_number": 2,
                "column_number": 12
            },
            "chart_type": "DONUT",
            "enabled": true,
            "included_in_default_dashboard": false
        },
        {
            "name": "Pending Definition Updates",
            "trend_definition": {
                "trend_mode": "SNAPSHOT",
                "bucketing_attributes": [
                    "airwatch.devicesensors._ca_wufb_pending_definition_updates_count",
                    "airwatch.devicesensors.device_guid"
                ],
                "counter_definitions": [
                    {
                        "aggregate_attribute": "airwatch.devicesensors._ca_wufb_pending_definition_updates_count",
                        "aggregation_function": "COUNT"
                    }
                ],
                "filter": "airwatch.devicesensors._ca_wufb_pending_definition_updates_count IS NOT NULL",
                "entities_by_integration": {
                    "airwatch": [
                        "devicesensors"
                    ]
                },
                "cardinality": 10,
                "accumulate": false,
                "ignore_case": false,
                "filter_condition": {
                    "parenthesized": false,
                    "nested_attribute": false,
                    "custom_attribute": true,
                    "attribute": "airwatch.devicesensors._ca_wufb_pending_definition_updates_count",
                    "operator": "IS NOT NULL",
                    "operands": [],
                    "operand_collection_present": false
                },
                "filter_condition_nested_rules": {
                    "type": "RuleSet",
                    "rules": [
                        {
                            "type": "Rule",
                            "nested_attribute": false,
                            "custom_attribute": true,
                            "attribute": "airwatch.devicesensors._ca_wufb_pending_definition_updates_count",
                            "operator": "IS NOT NULL",
                            "operands": [],
                            "operand_collection_present": false
                        }
                    ]
                },
                "all_report_column_attributes": [
                    "airwatch.devicesensors.device_guid",
                    "airwatch.devicesensors._ca_wufb_pending_definition_updates_count"
                ]
            },
            "top_left": {
                "row_number": 2,
                "column_number": 4
            },
            "bottom_right": {
                "row_number": 3,
                "column_number": 8
            },
            "chart_type": "DONUT",
            "enabled": true,
            "included_in_default_dashboard": false
        },
        {
            "name": "Pending Reboot",
            "trend_definition": {
                "trend_mode": "SNAPSHOT",
                "bucketing_attributes": [
                    "airwatch.devicesensors._ca_wufb_pending_reboot_bool"
                ],
                "counter_definitions": [
                    {
                        "aggregate_attribute": "airwatch.devicesensors._ca_wufb_pending_reboot_bool",
                        "aggregation_function": "COUNT"
                    }
                ],
                "filter": "airwatch.devicesensors._ca_wufb_pending_reboot_bool IS NOT NULL",
                "entities_by_integration": {
                    "airwatch": [
                        "devicesensors"
                    ]
                },
                "cardinality": 10,
                "accumulate": false,
                "ignore_case": false,
                "filter_condition": {
                    "parenthesized": false,
                    "nested_attribute": false,
                    "custom_attribute": true,
                    "attribute": "airwatch.devicesensors._ca_wufb_pending_reboot_bool",
                    "operator": "IS NOT NULL",
                    "operands": [],
                    "operand_collection_present": false
                },
                "filter_condition_nested_rules": {
                    "type": "RuleSet",
                    "rules": [
                        {
                            "type": "Rule",
                            "nested_attribute": false,
                            "custom_attribute": true,
                            "attribute": "airwatch.devicesensors._ca_wufb_pending_reboot_bool",
                            "operator": "IS NOT NULL",
                            "operands": [],
                            "operand_collection_present": false
                        }
                    ]
                },
                "all_report_column_attributes": [
                    "airwatch.devicesensors._ca_wufb_pending_reboot_bool"
                ]
            },
            "top_left": {
                "row_number": 0,
                "column_number": 4
            },
            "bottom_right": {
                "row_number": 1,
                "column_number": 8
            },
            "chart_type": "DONUT",
            "enabled": true,
            "included_in_default_dashboard": false
        },
        {
            "name": "Pending Updates (category)",
            "trend_definition": {
                "trend_mode": "SNAPSHOT",
                "bucketing_attributes": [
                    "airwatch.devicesensors._ca_wufb_pending_updates_count",
                    "airwatch.devicesensors.device_guid"
                ],
                "counter_definitions": [
                    {
                        "aggregate_attribute": "airwatch.devicesensors._ca_wufb_pending_updates_count",
                        "aggregation_function": "COUNT"
                    }
                ],
                "filter": "airwatch.devicesensors._ca_wufb_pending_updates_count IS NOT NULL",
                "entities_by_integration": {
                    "airwatch": [
                        "devicesensors"
                    ]
                },
                "cardinality": 10,
                "accumulate": false,
                "ignore_case": false,
                "filter_condition": {
                    "parenthesized": false,
                    "nested_attribute": false,
                    "custom_attribute": true,
                    "attribute": "airwatch.devicesensors._ca_wufb_pending_updates_count",
                    "operator": "IS NOT NULL",
                    "operands": [],
                    "operand_collection_present": false
                },
                "filter_condition_nested_rules": {
                    "type": "RuleSet",
                    "rules": [
                        {
                            "type": "Rule",
                            "nested_attribute": false,
                            "custom_attribute": true,
                            "attribute": "airwatch.devicesensors._ca_wufb_pending_updates_count",
                            "operator": "IS NOT NULL",
                            "operands": [],
                            "operand_collection_present": false
                        }
                    ]
                },
                "all_report_column_attributes": [
                    "airwatch.devicesensors.device_guid",
                    "airwatch.devicesensors._ca_wufb_pending_updates_count"
                ]
            },
            "top_left": {
                "row_number": 1,
                "column_number": 0
            },
            "bottom_right": {
                "row_number": 2,
                "column_number": 4
            },
            "chart_type": "DONUT",
            "enabled": true,
            "included_in_default_dashboard": false
        },
        {
            "name": "Device fully patched",
            "trend_definition": {
                "trend_mode": "SNAPSHOT",
                "bucketing_attributes": [
                    "airwatch.devicesensors._ca_wufb_pending_updates_bool",
                    "airwatch.devicesensors.device_guid"
                ],
                "counter_definitions": [
                    {
                        "aggregate_attribute": "airwatch.devicesensors._ca_wufb_pending_updates_bool",
                        "aggregation_function": "COUNT"
                    }
                ],
                "filter": "airwatch.devicesensors._ca_wufb_pending_updates_bool IS NOT NULL",
                "entities_by_integration": {
                    "airwatch": [
                        "devicesensors"
                    ]
                },
                "cardinality": 10,
                "accumulate": false,
                "ignore_case": false,
                "filter_condition": {
                    "parenthesized": false,
                    "nested_attribute": false,
                    "custom_attribute": true,
                    "attribute": "airwatch.devicesensors._ca_wufb_pending_updates_bool",
                    "operator": "IS NOT NULL",
                    "operands": [],
                    "operand_collection_present": false
                },
                "filter_condition_nested_rules": {
                    "type": "RuleSet",
                    "rules": [
                        {
                            "type": "Rule",
                            "nested_attribute": false,
                            "custom_attribute": true,
                            "attribute": "airwatch.devicesensors._ca_wufb_pending_updates_bool",
                            "operator": "IS NOT NULL",
                            "operands": [],
                            "operand_collection_present": false
                        }
                    ]
                },
                "all_report_column_attributes": [
                    "airwatch.devicesensors.device_guid",
                    "airwatch.devicesensors._ca_wufb_pending_updates_bool"
                ]
            },
            "top_left": {
                "row_number": 0,
                "column_number": 0
            },
            "bottom_right": {
                "row_number": 1,
                "column_number": 4
            },
            "chart_type": "DONUT",
            "enabled": true,
            "included_in_default_dashboard": false
        },
        {
            "name": "Pending Feature Upgrades",
            "trend_definition": {
                "trend_mode": "SNAPSHOT",
                "bucketing_attributes": [
                    "airwatch.devicesensors._ca_wufb_pending_feature_upgrades_count",
                    "airwatch.devicesensors.device_guid"
                ],
                "counter_definitions": [
                    {
                        "aggregate_attribute": "airwatch.devicesensors._ca_wufb_pending_feature_upgrades_count",
                        "aggregation_function": "COUNT"
                    }
                ],
                "filter": "airwatch.devicesensors._ca_wufb_pending_feature_upgrades_count IS NOT NULL",
                "entities_by_integration": {
                    "airwatch": [
                        "devicesensors"
                    ]
                },
                "cardinality": 10,
                "accumulate": false,
                "ignore_case": false,
                "filter_condition": {
                    "parenthesized": false,
                    "nested_attribute": false,
                    "custom_attribute": true,
                    "attribute": "airwatch.devicesensors._ca_wufb_pending_feature_upgrades_count",
                    "operator": "IS NOT NULL",
                    "operands": [],
                    "operand_collection_present": false
                },
                "filter_condition_nested_rules": {
                    "type": "RuleSet",
                    "rules": [
                        {
                            "type": "Rule",
                            "nested_attribute": false,
                            "custom_attribute": true,
                            "attribute": "airwatch.devicesensors._ca_wufb_pending_feature_upgrades_count",
                            "operator": "IS NOT NULL",
                            "operands": [],
                            "operand_collection_present": false
                        }
                    ]
                },
                "all_report_column_attributes": [
                    "airwatch.devicesensors._ca_wufb_pending_feature_upgrades_count",
                    "airwatch.devicesensors.device_guid"
                ]
            },
            "top_left": {
                "row_number": 1,
                "column_number": 4
            },
            "bottom_right": {
                "row_number": 2,
                "column_number": 8
            },
            "chart_type": "DONUT",
            "enabled": true,
            "included_in_default_dashboard": false
        },
        {
            "name": "Pending Update Rollups",
            "trend_definition": {
                "trend_mode": "SNAPSHOT",
                "bucketing_attributes": [
                    "airwatch.devicesensors._ca_wufb_pending_update_rollups_count"
                ],
                "counter_definitions": [
                    {
                        "aggregate_attribute": "airwatch.devicesensors._ca_wufb_pending_update_rollups_count",
                        "aggregation_function": "COUNT"
                    }
                ],
                "filter": "airwatch.devicesensors._ca_wufb_pending_update_rollups_count IS NOT NULL",
                "entities_by_integration": {
                    "airwatch": [
                        "devicesensors"
                    ]
                },
                "cardinality": 10,
                "accumulate": false,
                "ignore_case": false,
                "filter_condition": {
                    "parenthesized": false,
                    "nested_attribute": false,
                    "custom_attribute": true,
                    "attribute": "airwatch.devicesensors._ca_wufb_pending_update_rollups_count",
                    "operator": "IS NOT NULL",
                    "operands": [],
                    "operand_collection_present": false
                },
                "filter_condition_nested_rules": {
                    "type": "RuleSet",
                    "rules": [
                        {
                            "type": "Rule",
                            "nested_attribute": false,
                            "custom_attribute": true,
                            "attribute": "airwatch.devicesensors._ca_wufb_pending_update_rollups_count",
                            "operator": "IS NOT NULL",
                            "operands": [],
                            "operand_collection_present": false
                        }
                    ]
                },
                "all_report_column_attributes": [
                    "airwatch.devicesensors._ca_wufb_pending_update_rollups_count"
                ]
            },
            "top_left": {
                "row_number": 2,
                "column_number": 0
            },
            "bottom_right": {
                "row_number": 3,
                "column_number": 4
            },
            "chart_type": "DONUT",
            "enabled": true,
            "included_in_default_dashboard": false
        },
        {
            "name": "Windows Update Source",
            "trend_definition": {
                "trend_mode": "SNAPSHOT",
                "bucketing_attributes": [
                    "airwatch.devicesensors._ca_wufb_update_source"
                ],
                "counter_definitions": [
                    {
                        "aggregate_attribute": "airwatch.devicesensors._ca_wufb_update_source",
                        "aggregation_function": "COUNT"
                    }
                ],
                "filter": "airwatch.devicesensors._ca_wufb_update_source IS NOT NULL",
                "entities_by_integration": {
                    "airwatch": [
                        "devicesensors"
                    ]
                },
                "cardinality": 10,
                "accumulate": false,
                "ignore_case": false,
                "filter_condition": {
                    "parenthesized": false,
                    "nested_attribute": false,
                    "custom_attribute": true,
                    "attribute": "airwatch.devicesensors._ca_wufb_update_source",
                    "operator": "IS NOT NULL",
                    "operands": [],
                    "operand_collection_present": false
                },
                "filter_condition_nested_rules": {
                    "type": "RuleSet",
                    "rules": [
                        {
                            "type": "Rule",
                            "nested_attribute": false,
                            "custom_attribute": true,
                            "attribute": "airwatch.devicesensors._ca_wufb_update_source",
                            "operator": "IS NOT NULL",
                            "operands": [],
                            "operand_collection_present": false
                        }
                    ]
                },
                "all_report_column_attributes": [
                    "airwatch.devicesensors._ca_wufb_update_source"
                ]
            },
            "top_left": {
                "row_number": 5,
                "column_number": 6
            },
            "bottom_right": {
                "row_number": 7,
                "column_number": 12
            },
            "chart_type": "TABLE",
            "enabled": true,
            "included_in_default_dashboard": false
        },
        {
            "name": "DO - total average MB downloaded",
            "trend_definition": {
                "trend_mode": "SNAPSHOT",
                "bucketing_attributes": [],
                "counter_definitions": [
                    {
                        "aggregate_attribute": "airwatch.devicesensors._ca_do_total_downloaded_mb_count",
                        "aggregation_function": "AVG"
                    }
                ],
                "filter": "airwatch.devicesensors._ca_do_total_downloaded_mb_count IS NOT NULL",
                "entities_by_integration": {
                    "airwatch": [
                        "devicesensors"
                    ]
                },
                "cardinality": 10,
                "accumulate": false,
                "ignore_case": false,
                "filter_condition": {
                    "parenthesized": false,
                    "nested_attribute": false,
                    "custom_attribute": true,
                    "attribute": "airwatch.devicesensors._ca_do_total_downloaded_mb_count",
                    "operator": "IS NOT NULL",
                    "operands": [],
                    "operand_collection_present": false
                },
                "filter_condition_nested_rules": {
                    "type": "RuleSet",
                    "rules": [
                        {
                            "type": "Rule",
                            "nested_attribute": false,
                            "custom_attribute": true,
                            "attribute": "airwatch.devicesensors._ca_do_total_downloaded_mb_count",
                            "operator": "IS NOT NULL",
                            "operands": [],
                            "operand_collection_present": false
                        }
                    ]
                },
                "all_report_column_attributes": [
                    "airwatch.devicesensors._ca_do_total_downloaded_mb_count"
                ]
            },
            "top_left": {
                "row_number": 7,
                "column_number": 0
            },
            "bottom_right": {
                "row_number": 8,
                "column_number": 2
            },
            "chart_type": "METRIC",
            "enabled": true,
            "included_in_default_dashboard": false
        },
        {
            "name": "DO - total peer download average (MB)",
            "trend_definition": {
                "trend_mode": "SNAPSHOT",
                "bucketing_attributes": [],
                "counter_definitions": [
                    {
                        "aggregate_attribute": "airwatch.devicesensors._ca_do_total_peer_download_mb_count",
                        "aggregation_function": "AVG"
                    }
                ],
                "filter": "airwatch.devicesensors._ca_do_total_peer_download_mb_count IS NOT NULL",
                "entities_by_integration": {
                    "airwatch": [
                        "devicesensors"
                    ]
                },
                "cardinality": 10,
                "accumulate": false,
                "ignore_case": false,
                "filter_condition": {
                    "parenthesized": false,
                    "nested_attribute": false,
                    "custom_attribute": true,
                    "attribute": "airwatch.devicesensors._ca_do_total_peer_download_mb_count",
                    "operator": "IS NOT NULL",
                    "operands": [],
                    "operand_collection_present": false
                },
                "filter_condition_nested_rules": {
                    "type": "RuleSet",
                    "rules": [
                        {
                            "type": "Rule",
                            "nested_attribute": false,
                            "custom_attribute": true,
                            "attribute": "airwatch.devicesensors._ca_do_total_peer_download_mb_count",
                            "operator": "IS NOT NULL",
                            "operands": [],
                            "operand_collection_present": false
                        }
                    ]
                },
                "all_report_column_attributes": [
                    "airwatch.devicesensors._ca_do_total_peer_download_mb_count"
                ]
            },
            "top_left": {
                "row_number": 7,
                "column_number": 2
            },
            "bottom_right": {
                "row_number": 8,
                "column_number": 4
            },
            "chart_type": "METRIC",
            "enabled": true,
            "included_in_default_dashboard": false
        },
        {
            "name": "DO - total upload average (in MB)",
            "trend_definition": {
                "trend_mode": "SNAPSHOT",
                "bucketing_attributes": [],
                "counter_definitions": [
                    {
                        "aggregate_attribute": "airwatch.devicesensors._ca_do_total_uploaded_mb_count",
                        "aggregation_function": "AVG"
                    }
                ],
                "filter": "airwatch.devicesensors._ca_do_total_uploaded_mb_count IS NOT NULL",
                "entities_by_integration": {
                    "airwatch": [
                        "devicesensors"
                    ]
                },
                "cardinality": 10,
                "accumulate": false,
                "ignore_case": false,
                "filter_condition": {
                    "parenthesized": false,
                    "nested_attribute": false,
                    "custom_attribute": true,
                    "attribute": "airwatch.devicesensors._ca_do_total_uploaded_mb_count",
                    "operator": "IS NOT NULL",
                    "operands": [],
                    "operand_collection_present": false
                },
                "filter_condition_nested_rules": {
                    "type": "RuleSet",
                    "rules": [
                        {
                            "type": "Rule",
                            "nested_attribute": false,
                            "custom_attribute": true,
                            "attribute": "airwatch.devicesensors._ca_do_total_uploaded_mb_count",
                            "operator": "IS NOT NULL",
                            "operands": [],
                            "operand_collection_present": false
                        }
                    ]
                },
                "all_report_column_attributes": [
                    "airwatch.devicesensors._ca_do_total_uploaded_mb_count"
                ]
            },
            "top_left": {
                "row_number": 7,
                "column_number": 4
            },
            "bottom_right": {
                "row_number": 8,
                "column_number": 6
            },
            "chart_type": "METRIC",
            "enabled": true,
            "included_in_default_dashboard": false
        },
        {
            "name": "DO - total average HTTP download (MB)",
            "trend_definition": {
                "trend_mode": "SNAPSHOT",
                "bucketing_attributes": [],
                "counter_definitions": [
                    {
                        "aggregate_attribute": "airwatch.devicesensors._ca_do_total_http_download_mb_count",
                        "aggregation_function": "AVG"
                    }
                ],
                "filter": "airwatch.devicesensors._ca_do_total_http_download_mb_count IS NOT NULL",
                "entities_by_integration": {
                    "airwatch": [
                        "devicesensors"
                    ]
                },
                "cardinality": 10,
                "accumulate": false,
                "ignore_case": false,
                "filter_condition": {
                    "parenthesized": false,
                    "nested_attribute": false,
                    "custom_attribute": true,
                    "attribute": "airwatch.devicesensors._ca_do_total_http_download_mb_count",
                    "operator": "IS NOT NULL",
                    "operands": [],
                    "operand_collection_present": false
                },
                "filter_condition_nested_rules": {
                    "type": "RuleSet",
                    "rules": [
                        {
                            "type": "Rule",
                            "nested_attribute": false,
                            "custom_attribute": true,
                            "attribute": "airwatch.devicesensors._ca_do_total_http_download_mb_count",
                            "operator": "IS NOT NULL",
                            "operands": [],
                            "operand_collection_present": false
                        }
                    ]
                },
                "all_report_column_attributes": [
                    "airwatch.devicesensors._ca_do_total_http_download_mb_count"
                ]
            },
            "top_left": {
                "row_number": 7,
                "column_number": 10
            },
            "bottom_right": {
                "row_number": 8,
                "column_number": 12
            },
            "chart_type": "METRIC",
            "enabled": true,
            "included_in_default_dashboard": false
        },
        {
            "name": "No update installation over 1 month",
            "trend_definition": {
                "trend_mode": "SNAPSHOT",
                "bucketing_attributes": [
                    "airwatch.devicesensors._ca_wufb_last_installation_date"
                ],
                "counter_definitions": [
                    {
                        "aggregate_attribute": "airwatch.devicesensors.device_guid",
                        "aggregation_function": "COUNT"
                    }
                ],
                "filter": "airwatch.devicesensors._ca_wufb_last_installation_date NOT WITHIN 1 months",
                "entities_by_integration": {
                    "airwatch": [
                        "devicesensors"
                    ]
                },
                "cardinality": 10,
                "accumulate": false,
                "ignore_case": false,
                "filter_condition": {
                    "parenthesized": false,
                    "nested_attribute": false,
                    "custom_attribute": true,
                    "attribute": "airwatch.devicesensors._ca_wufb_last_installation_date",
                    "operator": "NOT WITHIN",
                    "operands": [
                        {
                            "operand_type": "DateTimeOperand",
                            "operator": "MINUS",
                            "interval": 1,
                            "unit": "MONTHS",
                            "instant": "2022-07-01T13:47:34.337005Z",
                            "data_type": "LONG"
                        },
                        {
                            "operand_type": "DateTimeOperand",
                            "operator": "MINUS",
                            "interval": 0,
                            "unit": "SECONDS",
                            "instant": "2022-07-01T13:47:34.337006Z",
                            "data_type": "LONG"
                        }
                    ],
                    "operand_collection_present": false
                },
                "filter_condition_nested_rules": {
                    "type": "RuleSet",
                    "rules": [
                        {
                            "type": "Rule",
                            "nested_attribute": false,
                            "custom_attribute": true,
                            "attribute": "airwatch.devicesensors._ca_wufb_last_installation_date",
                            "operator": "NOT WITHIN",
                            "operands": [
                                {
                                    "operand_type": "DateTimeOperand",
                                    "operator": "MINUS",
                                    "interval": 1,
                                    "unit": "MONTHS",
                                    "instant": "2022-07-01T13:47:34.337080Z",
                                    "data_type": "LONG"
                                }
                            ],
                            "operand_collection_present": false
                        }
                    ]
                },
                "all_report_column_attributes": [
                    "airwatch.devicesensors.device_guid",
                    "airwatch.devicesensors._ca_wufb_last_installation_date"
                ]
            },
            "top_left": {
                "row_number": 5,
                "column_number": 0
            },
            "bottom_right": {
                "row_number": 7,
                "column_number": 6
            },
            "chart_type": "TABLE",
            "enabled": true,
            "included_in_default_dashboard": false
        },
        {
            "name": "DO - maximum HTTP download (MB)",
            "trend_definition": {
                "trend_mode": "SNAPSHOT",
                "bucketing_attributes": [],
                "counter_definitions": [
                    {
                        "aggregate_attribute": "airwatch.devicesensors._ca_do_total_http_download_mb_count",
                        "aggregation_function": "MAX"
                    }
                ],
                "filter": "airwatch.devicesensors._ca_do_total_http_download_mb_count IS NOT NULL",
                "entities_by_integration": {
                    "airwatch": [
                        "devicesensors"
                    ]
                },
                "cardinality": 10,
                "accumulate": false,
                "ignore_case": false,
                "filter_condition": {
                    "parenthesized": false,
                    "nested_attribute": false,
                    "custom_attribute": true,
                    "attribute": "airwatch.devicesensors._ca_do_total_http_download_mb_count",
                    "operator": "IS NOT NULL",
                    "operands": [],
                    "operand_collection_present": false
                },
                "filter_condition_nested_rules": {
                    "type": "RuleSet",
                    "rules": [
                        {
                            "type": "Rule",
                            "nested_attribute": false,
                            "custom_attribute": true,
                            "attribute": "airwatch.devicesensors._ca_do_total_http_download_mb_count",
                            "operator": "IS NOT NULL",
                            "operands": [],
                            "operand_collection_present": false
                        }
                    ]
                },
                "all_report_column_attributes": [
                    "airwatch.devicesensors._ca_do_total_http_download_mb_count"
                ]
            },
            "top_left": {
                "row_number": 7,
                "column_number": 6
            },
            "bottom_right": {
                "row_number": 8,
                "column_number": 8
            },
            "chart_type": "METRIC",
            "enabled": true,
            "included_in_default_dashboard": false
        },
        {
            "name": "DO - maximum peer download (MB)",
            "trend_definition": {
                "trend_mode": "SNAPSHOT",
                "bucketing_attributes": [],
                "counter_definitions": [
                    {
                        "aggregate_attribute": "airwatch.devicesensors._ca_do_total_peer_download_mb_count",
                        "aggregation_function": "MAX"
                    }
                ],
                "filter": "airwatch.devicesensors._ca_do_total_peer_download_mb_count IS NOT NULL",
                "entities_by_integration": {
                    "airwatch": [
                        "devicesensors"
                    ]
                },
                "cardinality": 10,
                "accumulate": false,
                "ignore_case": false,
                "filter_condition": {
                    "parenthesized": false,
                    "nested_attribute": false,
                    "custom_attribute": true,
                    "attribute": "airwatch.devicesensors._ca_do_total_peer_download_mb_count",
                    "operator": "IS NOT NULL",
                    "operands": [],
                    "operand_collection_present": false
                },
                "filter_condition_nested_rules": {
                    "type": "RuleSet",
                    "rules": [
                        {
                            "type": "Rule",
                            "nested_attribute": false,
                            "custom_attribute": true,
                            "attribute": "airwatch.devicesensors._ca_do_total_peer_download_mb_count",
                            "operator": "IS NOT NULL",
                            "operands": [],
                            "operand_collection_present": false
                        }
                    ]
                },
                "all_report_column_attributes": [
                    "airwatch.devicesensors._ca_do_total_peer_download_mb_count"
                ]
            },
            "top_left": {
                "row_number": 7,
                "column_number": 8
            },
            "bottom_right": {
                "row_number": 8,
                "column_number": 10
            },
            "chart_type": "METRIC",
            "enabled": true,
            "included_in_default_dashboard": false
        },
        {
            "name": "DO - total peer download (MB)",
            "trend_definition": {
                "trend_mode": "SNAPSHOT",
                "bucketing_attributes": [],
                "counter_definitions": [
                    {
                        "aggregate_attribute": "airwatch.devicesensors._ca_do_total_peer_download_mb_count",
                        "aggregation_function": "SUM"
                    }
                ],
                "filter": "airwatch.devicesensors._ca_do_total_peer_download_mb_count IS NOT NULL",
                "entities_by_integration": {
                    "airwatch": [
                        "devicesensors"
                    ]
                },
                "cardinality": 10,
                "accumulate": false,
                "ignore_case": false,
                "filter_condition": {
                    "parenthesized": false,
                    "nested_attribute": false,
                    "custom_attribute": true,
                    "attribute": "airwatch.devicesensors._ca_do_total_peer_download_mb_count",
                    "operator": "IS NOT NULL",
                    "operands": [],
                    "operand_collection_present": false
                },
                "filter_condition_nested_rules": {
                    "type": "RuleSet",
                    "rules": [
                        {
                            "type": "Rule",
                            "nested_attribute": false,
                            "custom_attribute": true,
                            "attribute": "airwatch.devicesensors._ca_do_total_peer_download_mb_count",
                            "operator": "IS NOT NULL",
                            "operands": [],
                            "operand_collection_present": false
                        }
                    ]
                },
                "all_report_column_attributes": [
                    "airwatch.devicesensors._ca_do_total_peer_download_mb_count"
                ]
            },
            "top_left": {
                "row_number": 8,
                "column_number": 0
            },
            "bottom_right": {
                "row_number": 9,
                "column_number": 4
            },
            "chart_type": "METRIC",
            "enabled": true,
            "included_in_default_dashboard": false
        },
        {
            "name": "DO - total HTTP download (MB)",
            "trend_definition": {
                "trend_mode": "SNAPSHOT",
                "bucketing_attributes": [],
                "counter_definitions": [
                    {
                        "aggregate_attribute": "airwatch.devicesensors._ca_do_total_http_download_mb_count",
                        "aggregation_function": "SUM"
                    }
                ],
                "filter": "airwatch.devicesensors._ca_do_total_http_download_mb_count IS NOT NULL",
                "entities_by_integration": {
                    "airwatch": [
                        "devicesensors"
                    ]
                },
                "cardinality": 10,
                "accumulate": false,
                "ignore_case": false,
                "filter_condition": {
                    "parenthesized": false,
                    "nested_attribute": false,
                    "custom_attribute": true,
                    "attribute": "airwatch.devicesensors._ca_do_total_http_download_mb_count",
                    "operator": "IS NOT NULL",
                    "operands": [],
                    "operand_collection_present": false
                },
                "filter_condition_nested_rules": {
                    "type": "RuleSet",
                    "rules": [
                        {
                            "type": "Rule",
                            "nested_attribute": false,
                            "custom_attribute": true,
                            "attribute": "airwatch.devicesensors._ca_do_total_http_download_mb_count",
                            "operator": "IS NOT NULL",
                            "operands": [],
                            "operand_collection_present": false
                        }
                    ]
                },
                "all_report_column_attributes": [
                    "airwatch.devicesensors._ca_do_total_http_download_mb_count"
                ]
            },
            "top_left": {
                "row_number": 8,
                "column_number": 4
            },
            "bottom_right": {
                "row_number": 9,
                "column_number": 9
            },
            "chart_type": "METRIC",
            "enabled": true,
            "included_in_default_dashboard": false
        },
        {
            "name": "Total installed updates",
            "trend_definition": {
                "trend_mode": "SNAPSHOT",
                "bucketing_attributes": [
                    "airwatch.devicesensors._ca_wufb_total_installed_kbs_count"
                ],
                "counter_definitions": [
                    {
                        "aggregate_attribute": "airwatch.devicesensors._ca_wufb_total_installed_kbs_count",
                        "aggregation_function": "COUNT"
                    }
                ],
                "filter": "airwatch.devicesensors._ca_wufb_total_installed_kbs_count IS NOT NULL",
                "entities_by_integration": {
                    "airwatch": [
                        "devicesensors"
                    ]
                },
                "cardinality": 10,
                "accumulate": false,
                "ignore_case": false,
                "filter_condition": {
                    "parenthesized": false,
                    "nested_attribute": false,
                    "custom_attribute": true,
                    "attribute": "airwatch.devicesensors._ca_wufb_total_installed_kbs_count",
                    "operator": "IS NOT NULL",
                    "operands": [],
                    "operand_collection_present": false
                },
                "filter_condition_nested_rules": {
                    "type": "RuleSet",
                    "rules": [
                        {
                            "type": "Rule",
                            "nested_attribute": false,
                            "custom_attribute": true,
                            "attribute": "airwatch.devicesensors._ca_wufb_total_installed_kbs_count",
                            "operator": "IS NOT NULL",
                            "operands": [],
                            "operand_collection_present": false
                        }
                    ]
                },
                "all_report_column_attributes": [
                    "airwatch.devicesensors._ca_wufb_total_installed_kbs_count"
                ]
            },
            "top_left": {
                "row_number": 0,
                "column_number": 8
            },
            "bottom_right": {
                "row_number": 1,
                "column_number": 12
            },
            "chart_type": "VERTICAL",
            "enabled": true,
            "included_in_default_dashboard": false
        },
        {
            "name": "Total missing updates",
            "trend_definition": {
                "trend_mode": "SNAPSHOT",
                "bucketing_attributes": [
                    "airwatch.devicesensors._ca_wufb_total_missing_updates_count"
                ],
                "counter_definitions": [
                    {
                        "aggregate_attribute": "airwatch.devicesensors._ca_wufb_total_missing_updates_count",
                        "aggregation_function": "COUNT"
                    }
                ],
                "filter": "airwatch.devicesensors._ca_wufb_total_missing_updates_count IS NOT NULL",
                "entities_by_integration": {
                    "airwatch": [
                        "devicesensors"
                    ]
                },
                "cardinality": 10,
                "accumulate": false,
                "ignore_case": false,
                "filter_condition": {
                    "parenthesized": false,
                    "nested_attribute": false,
                    "custom_attribute": true,
                    "attribute": "airwatch.devicesensors._ca_wufb_total_missing_updates_count",
                    "operator": "IS NOT NULL",
                    "operands": [],
                    "operand_collection_present": false
                },
                "filter_condition_nested_rules": {
                    "type": "RuleSet",
                    "rules": [
                        {
                            "type": "Rule",
                            "nested_attribute": false,
                            "custom_attribute": true,
                            "attribute": "airwatch.devicesensors._ca_wufb_total_missing_updates_count",
                            "operator": "IS NOT NULL",
                            "operands": [],
                            "operand_collection_present": false
                        }
                    ]
                },
                "all_report_column_attributes": [
                    "airwatch.devicesensors._ca_wufb_total_missing_updates_count"
                ]
            },
            "top_left": {
                "row_number": 3,
                "column_number": 0
            },
            "bottom_right": {
                "row_number": 5,
                "column_number": 12
            },
            "chart_type": "VERTICAL",
            "enabled": true,
            "included_in_default_dashboard": false
        }
    ],
    "created_at": "2022-05-18T07:55:21.168Z"
}