[
    {
        "Name":"DODownloadMode",
        "URI":"./Device/Vendor/MSFT/Policy/Config/DeliveryOptimization/DODownloadMode",
        "Format":"int",
        "SupportedPlatform":"Windows10,Windows11",
        "SupportedVersion":"1909,2004,20H2,21H1,21H2",
        "SupportedOnWSUS":"True",
        "SupportedOnWUfB":"True",
        "BPValue":"1"
    },
    {
        "Name":"DOGroupID",
        "URI":"./Device/Vendor/MSFT/Policy/Config/DeliveryOptimization/DOGroupID",
        "Format":"chr",
        "SupportedPlatform":"Windows10,Windows11",
        "SupportedVersion":"1909,2004,20H2,21H1,21H2",
        "SupportedOnWSUS":"True",
        "SupportedOnWUfB":"True",
        "BPValue":"0"
    },
    {
        "Name":"DOGroupIdSource",
        "URI":"./Device/Vendor/MSFT/Policy/Config/DeliveryOptimization/DOGroupIdSource",
        "Format":"int",
        "SupportedPlatform":"Windows10,Windows11",
        "SupportedVersion":"1909,2004,20H2,21H1,21H2",
        "SupportedOnWSUS":"True",
        "SupportedOnWUfB":"True"
    },
    {
        "Name":"DOMaxCacheAge",
        "URI":"./Device/Vendor/MSFT/Policy/Config/DeliveryOptimization/DOMaxCacheAge",
        "Format":"int",
        "SupportedPlatform":"Windows10,Windows11",
        "SupportedVersion":"1909,2004,20H2,21H1,21H2",
        "SupportedOnWSUS":"True",
        "SupportedOnWUfB":"True",
        "BPValue":"0",
        "HiddenSetting":"True"
    },
    {
        "Name":"DOMinFileSizeToCache",
        "URI":"./Device/Vendor/MSFT/Policy/Config/DeliveryOptimization/DOMinFileSizeToCache",
        "Format":"int",
        "SupportedPlatform":"Windows10,Windows11",
        "SupportedVersion":"1909,2004,20H2,21H1,21H2",
        "SupportedOnWSUS":"True",
        "SupportedOnWUfB":"True",
        "BPValue":"100"
    },
    {
        "Name":"DOMonthlyUploadDataCap",
        "URI":"./Device/Vendor/MSFT/Policy/Config/DeliveryOptimization/DOMonthlyUploadDataCap",
        "Format":"int",
        "SupportedPlatform":"Windows10,Windows11",
        "SupportedVersion":"1909,2004,20H2,21H1,21H2",
        "SupportedOnWSUS":"True",
        "SupportedOnWUfB":"True",
        "BPValue":"0",
        "HiddenSetting":"True"
    },
    {
        "Name":"DOMaxForegroundDownloadBandwidth",
        "URI":"./Device/Vendor/MSFT/Policy/Config/DeliveryOptimization/DOMaxForegroundDownloadBandwidth",
        "Format":"int",
        "SupportedPlatform":"Windows10,Windows11",
        "SupportedVersion":"1909,2004,20H2,21H1,21H2",
        "SupportedOnWSUS":"True",
        "SupportedOnWUfB":"True",
        "BPValue":"0"
    },
    {
        "Name":"DOMaxBackgroundDownloadBandwidth",
        "URI":"./Device/Vendor/MSFT/Policy/Config/DeliveryOptimization/DOMaxBackgroundDownloadBandwidth",
        "Format":"int",
        "SupportedPlatform":"Windows10,Windows11",
        "SupportedVersion":"1909,2004,20H2,21H1,21H2",
        "SupportedOnWSUS":"True",
        "SupportedOnWUfB":"True",
        "BPValue":"0"
    },
    {
        "Name":"DORestrictPeerSelectionBy",
        "URI":"./Device/Vendor/MSFT/Policy/Config/DeliveryOptimization/DORestrictPeerSelectionBy",
        "Format":"int",
        "SupportedPlatform":"Windows11",
        "SupportedVersion":"21H2",
        "SupportedOnWSUS":"True",
        "SupportedOnWUfB":"True"
    },
    {
        "Name":"DODelayBackgroundDownloadFromHttp",
        "URI":"./Device/Vendor/MSFT/Policy/Config/DeliveryOptimization/DODelayBackgroundDownloadFromHttp",
        "Format":"int",
        "SupportedPlatform":"Windows10,Windows11",
        "SupportedVersion":"1909,2004,20H2,21H1,21H2",
        "SupportedOnWSUS":"True",
        "SupportedOnWUfB":"True",
        "BPValue":"3600",
        "HiddenSetting":"True"
    },
    {
        "Name":"DODelayForegroundDownloadFromHttp",
        "URI":"./Device/Vendor/MSFT/Policy/Config/DeliveryOptimization/DODelayForegroundDownloadFromHttp",
        "Format":"int",
        "SupportedPlatform":"Windows10,Windows11",
        "SupportedVersion":"1909,2004,20H2,21H1,21H2",
        "SupportedOnWSUS":"True",
        "SupportedOnWUfB":"True",
        "BPValue":"120",
        "HiddenSetting":"True"
    },
    {
        "Name":"DOMinBackgroundQoS",
        "URI":"./Device/Vendor/MSFT/Policy/Config/DeliveryOptimization/DOMinBackgroundQoS",
        "Format":"int",
        "SupportedPlatform":"Windows10,Windows11",
        "SupportedVersion":"1909,2004,20H2,21H1,21H2",
        "SupportedOnWSUS":"True",
        "SupportedOnWUfB":"True",
        "BPValue":"10"
    },
    {
        "Name":"DOMinBatteryPercentageAllowedToUpload",
        "URI":"./Device/Vendor/MSFT/Policy/Config/DeliveryOptimization/DOMinBatteryPercentageAllowedToUpload",
        "Format":"int",
        "SupportedPlatform":"Windows10,Windows11",
        "SupportedVersion":"1909,2004,20H2,21H1,21H2",
        "SupportedOnWSUS":"True",
        "SupportedOnWUfB":"True",
        "BPValue":"40",
        "HiddenSetting":"True"
    },
    {
        "Name":"DOMinDiskSizeAllowedToPeer",
        "URI":"./Device/Vendor/MSFT/Policy/Config/DeliveryOptimization/DOMinDiskSizeAllowedToPeer",
        "Format":"int",
        "SupportedPlatform":"Windows10,Windows11",
        "SupportedVersion":"1909,2004,20H2,21H1,21H2",
        "SupportedOnWSUS":"True",
        "SupportedOnWUfB":"True",
        "BPValue":"32",
        "HiddenSetting":"True"
    },
    {
        "Name":"DOAllowVPNPeerCaching",
        "URI":"./Device/Vendor/MSFT/Policy/Config/DeliveryOptimization/DOAllowVPNPeerCaching",
        "Format":"int",
        "SupportedPlatform":"Windows10,Windows11",
        "SupportedVersion":"1909,2004,20H2,21H1,21H2",
        "SupportedOnWSUS":"True",
        "SupportedOnWUfB":"True",
        "BPValue":"0",
        "HiddenSetting":"True"
    },
    {
        "Name":"DOCacheHost",
        "URI":"./Device/Vendor/MSFT/Policy/Config/DeliveryOptimization/DOCacheHost",
        "Format":"chr",
        "SupportedPlatform":"Windows10,Windows11",
        "SupportedVersion":"1909,2004,20H2,21H1,21H2",
        "SupportedOnWSUS":"True",
        "SupportedOnWUfB":"True"
    },
    {
        "Name":"DOCacheHostSource",
        "URI":"./Device/Vendor/MSFT/Policy/Config/DeliveryOptimization/DOCacheHostSource",
        "Format":"int",
        "SupportedPlatform":"Windows10,Windows11",
        "SupportedVersion":"1909,2004,20H2,21H1,21H2",
        "SupportedOnWSUS":"True",
        "SupportedOnWUfB":"True"
    },
    {
        "Name":"DOMinRAMAllowedToPeer",
        "URI":"./Device/Vendor/MSFT/Policy/Config/DeliveryOptimization/DOMinRAMAllowedToPeer",
        "Format":"int",
        "SupportedPlatform":"Windows10,Windows11",
        "SupportedVersion":"1909,2004,20H2,21H1,21H2",
        "SupportedOnWSUS":"True",
        "SupportedOnWUfB":"True",
        "BPValue":"1",
        "HiddenSetting":"True"
    }
]